train_OA,train_F1,step,train_mIoU,epoch
0.4807616400513744,0.4832194457756599,348,0.2142306656927895,0
0.4707936284193678,0.4765442941452604,697,0.2097511428241694,1
