epoch,step,train_F1,train_OA,train_mIoU
0,700,0.37509000301361084,0.5464646816253662,0.19667620956897736
