train_OA,epoch,step,train_mIoU,train_F1
0.4640515640211212,0,559,0.16699561684963715,0.25792189580853603
