train_OA,step,train_mIoU,train_F1,train_R2,epoch
0.8482395556366176,698,0.007523355284630975,0.47434527372515156,0.4722568912259977,0
0.8980275514484046,1397,0.44901377572420254,0.9462745161555854,0.8509444715429522,1
0.8987561283522287,2096,0.4493780641761146,0.9466788440411081,0.8519817060028483,2
0.8996684323029266,2795,0.4498342161514635,0.9471846949757211,0.8532810672393277,3
0.8995835467683658,3494,0.4497917733841831,0.9471376484585448,0.8531601413719673,4
0.8953654447653024,4193,0.44768272238265144,0.9447945220676672,0.8471579843044198,5
