step,train_F1,train_mIoU,train_OA,epoch
348,0.04889973048948543,0.018950351137790134,0.03447325523398325,0
