train_OA,epoch,train_R2,train_mIoU,train_F1,step
0.45463380827242034,0,0.14813111028745685,0.0057041267356330565,0.2992830114634471,698
