train_R2,step,train_OA,train_mIoU,train_F1,epoch
0.198532529654538,698,0.5745017470549445,0.1496122085197708,0.2588683100340645,0
