train_mIoU,train_F1,epoch,step,train_OA
0.15766468069237463,0.31843702304672855,0,698,0.4704100645662888
