train_mIoU,step,train_F1,epoch,train_OA
0.16054610609473569,348,0.32366915979870464,0,0.4754723491504745
