epoch,step,train_F1,train_OA,train_mIoU
0,700,0.6707502007484436,0.8183140158653259,0.4140424132347107
