step,epoch,train_OA,train_F1,train_R2,train_mIoU
348,0,0.482163667678833,0.3192259669303894,0.16719351708889008,0.1596536785364151
