step,train_OA,train_F1,epoch,train_R2,train_mIoU
698,0.8621225228782883,0.47230887689175094,0,0.4831654598223859,0.008232691256695622
