epoch,train_mIoU,train_F1,train_R2,step,train_OA
0,0.008409342315592257,0.4835504524753297,0.4777855184799727,698,0.8495587071361516
1,0.44901377572420254,0.9462745161555854,0.8509444715429522,1397,0.8980275514484046
