epoch,train_F1,train_mIoU,step,train_OA
0,0.32355990527664824,0.16132153277203767,348,0.48107774619728233
1,0.32472724066165726,0.1602942276195715,697,0.480880846608334
