train_F1,step,train_OA,train_mIoU,epoch
0.2701196936980871,559,0.4819795958207837,0.17662825784279287,0
