train_mIoU,train_F1,epoch,step,train_OA
0.17820909078010666,0.27223273300052314,0,559,0.48577560665708425
