epoch,step,train_F1,train_OA,train_mIoU
0,794,0.6030001044273376,0.43163934350013733,0.14387977123260498
1,1589,0.6030001044273376,0.43163934350013733,0.14387977123260498
