epoch,step,train_F1,train_OA,train_mIoU
0,794,0.34371256828308105,0.4976443350315094,0.16927321255207062
1,1589,0.6664295792579651,0.4997333288192749,0.1665777713060379
