train_OA,epoch,train_mIoU,train_F1,step
0.48255992550562987,0,0.13541098500698284,0.25909440952816715,348
