train_OA,epoch,train_F1,step,train_mIoU
0.47864065320434734,0,0.27253938462852706,559,0.1782535822369563
