train_F1,step,train_OA,train_mIoU,epoch
0.44870793339545284,348,0.6500056356960175,0.25233539431304597,0
