epoch,step,train_F1,train_OA,train_mIoU
0,528,0.5199699997901917,0.6536188721656799,0.2824259102344513
