epoch,step,train_F1,train_OA,train_mIoU
0,794,0.7608232498168945,0.8238187432289124,0.4693903923034668
