train_OA,train_mIoU,epoch,step,train_F1
0.48134403174107937,0.16417595415527214,0,348,0.3292436503088982
0.48104519557133096,0.1603562619406518,1,697,0.324827775063072
