epoch,train_OA,train_mIoU,train_R2,step,train_F1
0,0.8462599499011908,0.008599937000581964,0.47300791106512,698,0.4794370858866407
