train_mIoU,step,train_F1,epoch,train_OA
0.16552885473186613,348,0.3319941685678118,0,0.4825004861826199
