train_F1,step,train_OA,epoch,train_R2,train_mIoU
0.32157587859730974,698,0.4702622136674042,0,0.16227879764949954,0.15906566127504887
