epoch,step,train_F1,train_OA,train_mIoU
0,794,0.3439541757106781,0.49754273891448975,0.12707564234733582
1,1589,0.6664295792579651,0.4997333288192749,0.1665777713060379
