epoch,step,train_OA,train_R2,train_F1,train_mIoU
0,698,0.8493240676752242,0.4728198404026163,0.47359086654288834,0.007865915122499834
