epoch,train_mIoU,train_OA,train_F1,step
0,0.16264535140913428,0.4772465003595652,0.3271327226380496,348
