epoch,train_F1,train_mIoU,train_OA,step
0,0.3341081461233637,0.16475237154288394,0.47463691951893794,348
